Store,Date,Weekly_Sales,Holiday_Flag,Temperature,Fuel_Price,CPI,Unemployment
33,2010-03-12 00:00:00.000,209986.25,0,52.82,3.041,126.7313333,9.265
33,NULL,213538.32,0,71.34,3.13,126.4364194,9.265
33,NULL,215359.21,1,51.6,3.428,130.0710323,8.01
33,NULL,219804.85,1,52.91,3.148,127.0876774,9.265
33,2011-02-12 00:00:00.000,220060.35,0,59.12,3.701,129.8459667,8.01
33,NULL,224031.19,0,94,3.022,126.0892903,9.495
33,2010-01-10 00:00:00.000,224294.39,0,91.45,3.001,126.2346,9.265
33,NULL,224639.76,0,61.95,3.047,126.6072,9.265
33,NULL,224806.96,0,95.28,3.694,129.1677097,8.442
33,2011-01-07 00:00:00.000,226702.36,0,98.43,3.842,129.0894,8.442
33,NULL,229731.98,0,89.1,3.877,129.6060667,8.442
33,NULL,230519.49,0,96.46,3.041,126.0766452,9.495
33,NULL,231155.9,0,56.62,3.231,127.5800323,8.951
33,NULL,231319.96,0,76.73,3.843,129.7936774,8.01
33,NULL,231976.84,0,91.18,2.939,126.1900333,9.495
33,2011-01-04 00:00:00.000,232769.09,0,71.41,3.772,128.7199355,8.687
33,NULL,233543.08,0,81.74,3.842,129.7821613,8.01
33,NULL,234175.92,0,74.2,3.014,126.3815484,9.265
33,2011-04-02 00:00:00.000,234218.03,0,49.26,3.348,127.7195806,8.951
33,NULL,234793.12,0,88.93,3.789,129.5183333,8.442
33,2011-04-11 00:00:00.000,236157.12,0,71.91,3.828,129.8051935,8.01
33,NULL,236920.49,0,56.33,3.675,130.3144516,7.603
33,NULL,237095.82,0,99.66,3.663,129.2832581,8.442
33,NULL,237129.81,0,94.55,3.886,130.8853548,7.147
33,2010-03-09 00:00:00.000,237405.82,0,90.82,3.087,126.1019355,9.495
33,NULL,238084.08,0,63.34,3.716,128.6160645,8.951
33,NULL,238172.66,0,91.11,3.935,129.0432,8.687
33,NULL,238433.53,0,94.11,3.807,129.0663,8.687
33,NULL,238875.26,0,61.12,3.125,126.8794839,9.265
33,NULL,238915.05,0,97.17,3.697,129.1507742,8.442
33,2011-02-09 00:00:00.000,239198.36,0,99.2,3.798,129.3259355,8.442
33,NULL,239206.26,0,76.07,3.99,129.0756774,8.687
33,NULL,239431.85,0,82.32,3.933,129.0623548,8.687
33,NULL,240044.57,1,56.87,3.162,126.6692667,9.265
44,NULL,241937.11,1,26.79,2.868,127.0876774,7.61
33,NULL,242047.03,0,92.71,3.017,126.1069032,9.495
33,2011-05-08 00:00:00.000,242456.39,0,96.93,3.803,129.1846452,8.442
33,NULL,242526.7,0,59.41,3.95,130.5502069,7.603
33,NULL,242771.37,0,95.89,3.743,129.2405806,8.442
33,NULL,242813.51,0,86.42,3.966,131.043,7.147
33,NULL,242901.21,0,54.89,3.398,128.13,8.951
33,2011-03-06 00:00:00.000,243477.03,0,82.93,3.893,129.0490323,8.687
33,2011-07-01 00:00:00.000,243948.82,0,46.25,3.287,127.1917742,8.951
33,NULL,244338.31,0,98.15,3.875,130.7562667,7.396
33,NULL,244856.44,0,59.46,3.336,127.4404839,8.951
33,NULL,244899.2,0,55.99,3.66,130.2792258,7.603
33,2011-04-03 00:00:00.000,245435.8,0,59.51,3.674,128.26475,8.951
33,2010-05-11 00:00:00.000,246124.61,0,74.23,3.009,126.4912903,9.265
33,NULL,246277.18,0,89.43,3.028,126.1454667,9.495
33,NULL,246970.97,0,60.82,4.288,130.8966452,7.603
33,NULL,247234.47,0,72.72,3.892,128.5121935,8.951
33,NULL,247672.56,0,89.62,4.055,130.8381613,7.147
33,2012-02-03 00:00:00.000,248051.53,0,60.91,3.882,130.6457931,7.603
33,NULL,248561.86,0,77.44,4.151,128.9998667,8.687
33,NULL,248603.3,0,79.46,3.917,128.9553,8.687
33,NULL,249134.32,0,93.95,3.769,130.7195806,7.147
33,NULL,249246.8,0,60.43,3.236,126.9835806,9.265
33,NULL,249798.75,0,83.07,4.088,131.1266667,7.396
33,NULL,251294.5,0,63.35,3.669,129.8268333,8.01
33,NULL,251327.67,0,71.34,4.294,130.9670968,7.603
33,NULL,251732.92,0,80.49,3.08,126.3266774,9.265
33,NULL,252349.6,0,62.03,3.43,127.99525,8.951
33,NULL,252709.58,0,86.53,4.125,131.0103333,7.147
33,NULL,252734.31,0,97.04,3.112,126.1283548,9.495
33,2010-10-12 00:00:00.000,253050.1,0,60.72,3.091,126.7934,9.265
33,NULL,253205.89,0,91.49,3.589,130.7012903,7.147
33,NULL,253731.13,0,73.7,4.301,131.1930968,6.895
33,NULL,254412.34,0,75.55,4.449,131.1499677,6.895
33,NULL,255996.47,1,62.35,3.76,129.8364,8.01
33,2012-03-02 00:00:00.000,256091.32,0,59.53,3.543,130.3496774,7.603
33,NULL,256235.19,0,53.39,3.541,129.9845484,8.01
33,2011-06-05 00:00:00.000,257031.19,0,77.92,4.193,129.0444333,8.687
44,2010-09-04 00:00:00.000,257361.3,0,38.97,2.877,126.6019032,7.972
33,2011-10-06 00:00:00.000,258427.39,0,87.02,3.981,129.0357097,8.687
33,2012-03-08 00:00:00.000,258533.12,0,92.13,3.595,130.737871,7.147
33,NULL,259419.91,0,93.66,3.084,126.1266,9.849
33,NULL,259527.75,0,53.63,3.312,127.3009355,8.951
33,NULL,259638.35,0,53.18,3.489,129.8980645,8.01
5,NULL,260636.71,0,37.74,2.983,212.008514,6.634
33,2012-01-06 00:00:00.000,261131.09,0,83.57,4.277,130.9592258,7.396
33,NULL,261666.29,0,95.75,4.014,130.7929,7.396
33,NULL,261837.2,0,72.94,4.111,131.1173333,7.396
33,NULL,261851.74,0,88.89,4.127,131.0287742,7.396
33,2011-07-10 00:00:00.000,262159.13,0,81.16,3.827,129.6938,8.01
33,NULL,262407.57,0,85.79,3.784,129.4306,8.442
33,2011-08-07 00:00:00.000,262717.71,0,96.44,3.793,129.1125,8.442
33,2010-06-08 00:00:00.000,262789.95,0,92.51,3.123,126.0854516,9.495
33,NULL,262893.76,0,64.09,2.98,126.6050645,10.115
33,NULL,263263.02,0,71.59,3.05,126.4713333,9.849
44,NULL,263917.85,1,31.53,3.119,130.0710323,6.078
44,2010-03-12 00:00:00.000,264214.12,0,25.8,2.812,126.7313333,7.61
33,NULL,265003.47,0,92.83,3.779,129.1338387,8.442
33,NULL,265367.51,0,95.57,3.049,126.064,9.495
33,2012-05-10 00:00:00.000,265444.9,0,85.18,4.132,131.0756667,6.895
33,NULL,266300.98,0,57.8,3.781,130.4546207,7.603
33,2010-08-10 00:00:00.000,266484.19,0,79.02,2.924,126.2791667,9.265
33,2012-06-01 00:00:00.000,267058.08,0,60.92,3.443,130.1575161,7.603
44,NULL,267065.35,0,57.71,2.95,126.1843871,7.972
33,2010-02-07 00:00:00.000,267495.76,0,97.66,2.978,126.1392,9.495
44,NULL,267956.3,0,35.7,2.654,126.5262857,8.119
44,NULL,268708.43,0,54.12,2.845,126.3266774,7.61
5,NULL,268929.03,0,82.46,2.64,211.9270006,6.496
44,NULL,269624.2,0,42.49,2.782,126.6066452,8.119
33,NULL,270097.76,0,96.79,4.002,130.7909677,7.147
44,NULL,270110.3,0,56.89,2.849,126.3815484,7.61
5,NULL,270281.63,0,46.7,2.561,211.8771468,6.566
33,2011-09-12 00:00:00.000,270373.05,0,47.7,3.644,129.8555333,8.01
33,2012-04-05 00:00:00.000,270497.51,0,82.43,4.058,131.136,7.396
44,2010-05-11 00:00:00.000,270516.84,0,49.96,2.831,126.4912903,7.61
36,NULL,270677.98,0,79.49,3.66,221.6556,6.623
33,2011-11-03 00:00:00.000,270921.44,0,66.51,3.63,128.3995,8.951
33,2011-08-04 00:00:00.000,271924.73,0,75.11,3.818,128.8238065,8.687
33,2011-11-11 00:00:00.000,271961.04,0,58.75,3.677,129.8167097,8.01
44,2010-12-03 00:00:00.000,272190.83,0,37.62,2.733,126.6042857,8.119
33,NULL,272399.08,0,87.69,2.935,126.114,9.849
33,NULL,272487.33,0,76.49,3.698,129.7706452,8.01
36,NULL,272489.41,0,74.39,3.494,222.1136566,6.228
33,2010-12-11 00:00:00.000,272803.94,0,65.21,3.13,126.5461613,9.265
33,2010-10-09 00:00:00.000,272834.88,1,91.77,2.961,126.1145806,9.495
44,NULL,272997.65,0,48.33,2.941,126.3805667,7.972
44,NULL,273079.07,0,29.98,2.667,126.5522857,8.119
5,NULL,273282.97,0,52.47,2.732,211.5718925,6.566
33,2012-06-07 00:00:00.000,273690.37,0,93.21,3.666,130.7196333,7.147
33,2010-05-02 00:00:00.000,274593.43,0,58.4,2.962,126.4420645,10.115
33,2010-02-04 00:00:00.000,274634.52,0,66.79,3.086,126.6034839,9.849
33,2011-12-08 00:00:00.000,274721.85,0,96,3.794,129.2015806,8.442
5,NULL,274742.63,0,83.66,2.608,211.7915565,6.496
44,NULL,275020.96,0,78.94,2.797,126.1069032,7.804
5,NULL,275142.17,0,89.42,3.682,216.0464364,6.529
5,NULL,275313.34,0,45.41,3.016,212.3800012,6.634
33,NULL,275749.56,0,64.64,4.089,128.9107333,8.687
33,NULL,275883.23,0,73.29,3.105,126.3805667,9.849
33,2012-06-04 00:00:00.000,275911.97,0,70.75,4.282,131.0375484,7.396
44,NULL,276011.4,0,31.64,2.96,127.5800323,7.224
44,NULL,276157.8,0,34.8,2.934,127.4404839,7.224
33,2011-11-02 00:00:00.000,276198.74,1,53.35,3.381,127.859129,8.951
44,NULL,276279.49,0,41.48,2.819,126.6050645,8.119
33,NULL,276899.95,0,89.81,4.308,131.0983226,7.396
36,2012-05-10 00:00:00.000,277137.86,0,73.57,3.611,221.8533396,6.228
33,NULL,277417.53,0,83.4,3.966,130.9776667,7.147
5,NULL,278031.81,0,70.58,2.716,212.464799,6.768
33,NULL,278067.73,0,65.99,4.273,130.8261935,7.603
44,2010-10-12 00:00:00.000,278253.28,0,36.78,2.817,126.7934,7.61
44,NULL,278287.04,0,55.66,2.936,126.4713333,7.972
5,NULL,278529.71,0,83.55,3.526,216.6033083,6.529
44,NULL,278646.35,0,35.21,2.842,126.8794839,7.61
5,NULL,279088.39,0,44.5,3.01,212.7514884,6.634
33,NULL,279246.33,0,78.47,3.058,126.1602258,9.849
44,NULL,279364.13,0,66.84,2.875,126.1454667,7.804
44,NULL,279427.93,0,33.17,3.12,128.13,7.224
33,NULL,279447.22,0,54.61,3.477,130.244,7.603
33,NULL,279466.87,0,78.24,4.202,129.089,8.687
44,2010-08-10 00:00:00.000,279524.44,0,63.03,2.841,126.2791667,7.61
36,NULL,279643.43,0,84,3.392,220.6234054,6.623
44,NULL,279677,0,77.62,3.574,129.1677097,6.56
44,NULL,280048.74,0,50.39,2.915,126.5621,7.972
44,NULL,280357.3,0,47.55,3.655,128.9553,6.906
44,2010-09-07 00:00:00.000,280472.78,0,71.33,2.802,126.1518,7.804
5,NULL,280681.2,0,68.11,2.72,212.3691867,6.768
5,NULL,280701.7,0,83.98,2.623,211.6561123,6.496
44,NULL,280785.76,0,40.85,3.062,127.99525,7.224
33,NULL,280937.84,0,100.14,2.971,126.1498065,9.495
44,2010-05-02 00:00:00.000,281090.95,0,31.53,2.666,126.4420645,8.119
44,NULL,281247.97,0,43.85,3.683,128.9998667,6.906
44,NULL,281313.78,0,68.22,2.872,126.1900333,7.804
44,2011-01-04 00:00:00.000,281514.26,0,42.49,3.487,128.7199355,6.906
44,NULL,281699.68,0,44.69,3.407,128.5121935,7.224
5,NULL,281706.41,0,55.46,2.72,211.770897,6.566
33,2011-09-09 00:00:00.000,281842.28,1,96.22,3.771,129.3686129,8.442
44,2010-12-11 00:00:00.000,281909.79,0,42.55,2.831,126.5461613,7.61
33,NULL,282235.73,0,64.6,3.054,126.6066452,10.115
44,2010-04-06 00:00:00.000,282351.82,0,59.85,2.871,126.1360645,7.972
36,NULL,282545.55,0,81.26,3.574,220.8526787,6.623
33,2012-10-02 00:00:00.000,282552.58,1,59.94,3.722,130.3849032,7.603
5,NULL,282558.65,0,82.28,2.582,212.0769346,6.496
36,NULL,282647.48,0,84.79,3.608,220.9853964,6.623
5,2010-01-10 00:00:00.000,283178.12,0,71.1,2.603,212.2269463,6.768
5,NULL,283248.62,0,88.64,3.575,215.9250696,6.529
44,2010-10-09 00:00:00.000,283455.13,1,65.74,2.87,126.1145806,7.804
33,NULL,284052.77,0,56.5,2.825,126.5522857,10.115
44,2011-02-12 00:00:00.000,284309.34,0,33.94,3.389,129.8459667,6.078
44,NULL,284322.52,0,42,2.842,126.6072,7.61
44,2011-11-03 00:00:00.000,284496.14,0,41.28,3.346,128.3995,7.224
44,2010-05-03 00:00:00.000,284617.27,0,40.65,2.681,126.5782857,8.119
44,NULL,284740.5,0,76.34,2.85,126.0766452,7.804
5,NULL,284988.27,0,70.96,2.725,212.4169928,6.768
44,NULL,285031.81,0,42.38,3.435,128.6160645,7.224
33,2010-04-06 00:00:00.000,285100,0,86.06,2.941,126.1360645,9.849
44,2010-07-05 00:00:00.000,285379.86,0,44.42,2.948,126.2898,7.972
33,2012-08-06 00:00:00.000,286082.76,0,90.94,4.103,130.8896774,7.396
5,NULL,286117.72,0,72.36,3.274,217.9237458,6.3
44,2010-02-04 00:00:00.000,286197.5,0,42.15,2.842,126.6034839,7.972
5,2011-07-01 00:00:00.000,286347.26,0,48.3,2.976,211.9560305,6.634
33,2012-07-09 00:00:00.000,286428.78,1,92.02,4.124,130.9325484,7.147
5,NULL,286477.35,0,87.41,2.692,212.1978889,6.496
44,NULL,286497.49,0,45.12,2.841,126.4364194,7.61
44,NULL,286515.92,0,50.15,2.962,126.2085484,7.972
44,2010-12-02 00:00:00.000,286857.13,1,33.16,2.671,126.4962581,8.119
33,NULL,287033.64,0,97.6,3.723,130.683,7.147
5,NULL,287205.38,0,87.71,2.664,212.1608984,6.496
33,2012-09-03 00:00:00.000,287346.29,0,62.2,3.963,130.7413793,7.603
36,NULL,287360.05,0,74.06,3.57,222.0951719,6.228
36,NULL,287425.22,1,48.26,3.132,218.2302364,7.716
5,NULL,287523.98,0,54.65,3.268,220.5694104,5.943
44,NULL,288247.24,0,71.83,2.82,126.1266,7.972
44,2011-07-01 00:00:00.000,288320.38,0,16.94,2.891,127.1917742,7.224
5,NULL,288519.75,0,87.05,2.619,212.123908,6.496
5,NULL,288839.73,0,65.13,2.795,210.9891204,6.465
5,2010-05-03 00:00:00.000,288855.71,0,48.89,2.625,211.9071653,6.566
44,NULL,289201.21,0,75.59,3.553,129.1338387,6.56
44,NULL,289667.55,0,41.72,3.616,128.9107333,6.906
5,2011-12-08 00:00:00.000,289886.16,0,90.16,3.638,216.1678032,6.529
44,2011-12-08 00:00:00.000,290399.66,0,75.95,3.606,129.2015806,6.56
33,NULL,290444.31,0,92.44,4.144,130.8295333,7.396
5,2010-08-10 00:00:00.000,290494.85,0,64.99,2.633,212.3019522,6.768
44,NULL,290909.69,0,76.68,3.578,129.2405806,6.56
5,NULL,290930.01,0,77.38,3.899,216.5343611,6.489
5,NULL,291024.98,0,78.01,3.467,216.9396605,6.529
44,NULL,291028.09,0,74.93,2.837,126.064,7.804
5,NULL,291454.52,0,48.86,3.261,220.4760185,5.943
33,2010-05-03 00:00:00.000,291484.89,0,59.17,2.877,126.5782857,10.115
36,NULL,291530.43,0,86.68,3.273,220.5278796,6.989
33,2012-12-10 00:00:00.000,291781.15,0,79.64,4.468,131.1083333,6.895
5,2010-09-07 00:00:00.000,291808.87,0,81.14,2.642,211.6642907,6.496
44,NULL,291891.01,0,53.11,2.908,126.1602258,7.972
5,NULL,292315.38,0,81.16,3.355,217.2760127,6.529
44,2011-08-04 00:00:00.000,292498.61,0,42.75,3.547,128.8238065,6.906
5,NULL,292539.73,0,86.97,3.651,215.985753,6.529
44,NULL,292680.16,0,82.27,2.797,126.1283548,7.804
44,NULL,292859.36,0,20.6,2.903,127.3009355,7.224
44,NULL,293031.78,0,51.74,3.567,129.7706452,6.078
5,2011-11-03 00:00:00.000,293098.1,0,55.74,3.459,214.6729901,6.634
5,NULL,293131.58,0,78.53,2.624,212.1519404,6.496
44,NULL,293155.08,0,75.31,2.854,126.0892903,7.804
36,2011-02-12 00:00:00.000,293350.51,0,53.57,3.164,217.4229206,7.716
44,NULL,293481.36,0,58.41,2.819,126.114,7.972
36,2012-07-09 00:00:00.000,293728.57,1,84.19,3.697,221.1181142,6.623
36,NULL,293804.45,0,75.98,3.709,221.4578604,6.623
44,2011-04-02 00:00:00.000,293953.08,0,23.35,2.974,127.7195806,7.224
44,2011-04-03 00:00:00.000,293984.54,0,34.23,3.23,128.26475,7.224
33,NULL,294264.2,0,82.8,3.12,126.1843871,9.849
5,NULL,294659.5,0,63.35,3.065,214.0955503,6.634
5,NULL,294732.5,0,70.71,3.473,215.1640872,6.634
33,2010-12-02 00:00:00.000,294882.83,1,55.47,2.828,126.4962581,10.115
5,NULL,295257.3,0,83.72,2.653,211.8960815,6.465
44,2011-08-07 00:00:00.000,295339.01,0,77.3,3.563,129.1125,6.56
44,2011-09-09 00:00:00.000,295811.25,1,70.19,3.619,129.3686129,6.56
33,2012-11-05 00:00:00.000,295841.84,0,81.02,4.186,131.1453333,7.396
44,2010-03-09 00:00:00.000,295880.12,0,65.71,2.868,126.1019355,7.804
5,NULL,295974.22,0,54.63,3.29,220.6628023,5.943
5,2010-11-06 00:00:00.000,296641.91,0,80.7,2.668,212.0142605,6.465
5,NULL,296673.77,0,74.79,2.854,210.8872772,6.465
44,NULL,296765.59,0,66.38,3.668,129.0663,6.906
44,2010-06-08 00:00:00.000,296804.49,0,81.24,2.802,126.0854516,7.804
44,2010-11-06 00:00:00.000,296818.2,0,65.24,2.841,126.1119032,7.972
33,NULL,296850.83,0,62.16,2.915,126.5262857,10.115
44,NULL,296947.06,0,47.83,3.671,130.8966452,5.774
44,NULL,297099.95,0,77.79,2.791,126.1498065,7.804
5,NULL,297149.69,0,80.14,3.786,216.0704083,6.489
5,2010-12-03 00:00:00.000,297293.59,0,58.5,2.667,211.9371839,6.566
5,NULL,297384.81,0,52.52,2.771,212.445487,6.768
33,2012-10-08 00:00:00.000,297753.49,0,100.07,3.811,130.7561613,7.147
44,2011-05-08 00:00:00.000,298080.45,0,75.56,3.595,129.1846452,6.56
5,NULL,298180.18,1,49.79,2.943,211.9567142,6.768
36,NULL,298337.41,0,78.15,3.245,220.6063444,6.623
5,NULL,298697.84,0,67.53,2.78,210.939388,6.465
36,2012-10-08 00:00:00.000,298947.51,0,84.41,3.49,220.6404663,6.623
44,2011-06-05 00:00:00.000,299354.67,0,47.75,3.744,129.0444333,6.906
5,NULL,299614.33,0,71.37,3.907,216.3023847,6.489
44,NULL,299757.75,0,68.28,3.623,129.6060667,6.56
5,NULL,299800.67,0,76.65,3.717,223.1734167,5.603
44,2010-01-10 00:00:00.000,300152.45,0,68.74,2.853,126.2346,7.61
36,2012-12-10 00:00:00.000,300236.85,0,71.28,3.576,222.0510793,6.228
44,NULL,300255.87,0,63.35,3.704,129.0432,6.906
44,2010-02-07 00:00:00.000,300628.19,0,78.82,2.814,126.1392,7.804
36,NULL,301444.94,0,62.73,3.313,218.7687195,7.244
5,NULL,301615.49,0,75.2,2.826,211.169023,6.465
5,2010-12-11 00:00:00.000,301827.36,0,62.37,2.728,212.5604113,6.768
36,NULL,301893.63,0,78.16,3.692,221.2601207,6.623
33,2010-09-07 00:00:00.000,302423.93,0,95.88,3.1,126.1518,9.495
5,NULL,302881.64,0,84.76,3.594,215.6539583,6.489
5,2010-06-08 00:00:00.000,303043.02,0,86.1,2.627,212.0624447,6.496
44,NULL,303108.81,0,78.5,3.563,129.1507742,6.56
36,NULL,303289.55,0,81.76,3.301,220.6148749,6.623
44,2012-09-03 00:00:00.000,303438.24,0,38.24,3.38,130.7413793,5.774
5,NULL,303447.57,0,41.14,2.514,211.8471283,6.566
44,NULL,303559.23,0,52.12,3.802,129.0756774,6.906
5,NULL,303643.84,0,89.35,3.554,216.2311855,6.529
38,NULL,303908.81,1,45.64,3.148,127.0876774,14.313
44,NULL,303974.28,0,67.54,3.641,129.4306,6.56
36,NULL,304144.9,0,70.48,3.891,220.0454862,7.244
44,2011-09-12 00:00:00.000,304300.91,0,24.82,3.341,129.8555333,6.078
5,NULL,304811.82,0,86.84,3.637,215.560463,6.489
5,2011-10-06 00:00:00.000,304984.14,0,83.61,3.648,215.6064555,6.489
36,2012-03-08 00:00:00.000,304989.97,0,85.56,3.404,220.6319358,6.623
44,NULL,305969.81,0,54.66,3.579,129.7821613,6.078
5,2010-02-07 00:00:00.000,305993.27,0,81.25,2.669,211.7801861,6.496
36,2012-01-06 00:00:00.000,306005.53,0,80.74,3.567,220.4322099,6.989
5,NULL,306069.18,0,66.9,3.353,218.0852999,6.3
36,NULL,306098.17,0,78.94,3.636,220.4287124,6.989
36,NULL,306193.81,0,71.31,3.306,216.4051315,7.716
44,NULL,306336.07,0,47.41,3.567,129.7936774,6.078
36,NULL,306411.01,0,80.4,3.358,220.4886472,6.989
5,2010-10-09 00:00:00.000,306533.08,1,79.86,2.565,212.0499271,6.496
36,2012-06-07 00:00:00.000,306578.89,0,81.52,3.232,220.567112,6.623
5,2012-10-08 00:00:00.000,306759.7,0,86.96,3.494,222.5472987,5.603
5,NULL,306827.36,0,85.06,3.407,222.5297234,5.603
5,NULL,306858.69,0,65.3,2.808,211.0388528,6.465
5,NULL,307035.11,0,69.27,3.372,218.2468539,6.3
44,NULL,307095.31,0,52.4,3.77,129.089,6.906
44,2011-04-11 00:00:00.000,307126.34,0,43.51,3.538,129.8051935,6.078
5,NULL,307291.56,0,74.75,3.81,216.1968142,6.489
5,NULL,307306.76,0,71.09,3.721,223.3737593,5.603
5,2011-08-04 00:00:00.000,307333.62,0,69.64,3.622,215.6407939,6.489
44,NULL,307409.13,0,63.6,3.648,129.5183333,6.56
44,2011-11-02 00:00:00.000,307486.73,1,30.83,3.034,127.859129,7.224
44,NULL,307646.5,1,28.22,2.83,126.6692667,7.61
33,NULL,307779.64,0,72.44,3.109,126.5621,9.849
5,NULL,307913.58,0,72.02,3.743,215.8592673,6.489
5,NULL,307944.37,0,64.33,3.308,218.793912,6.3
44,NULL,308295.38,0,34.32,3.058,130.3144516,5.774
36,NULL,308389.82,0,70.06,3.888,220.3014485,6.989
44,NULL,308442.49,0,54.62,3.778,129.0623548,6.906
44,2011-10-06 00:00:00.000,308770.42,0,61.39,3.732,129.0357097,6.906
44,2011-03-06 00:00:00.000,308950.04,0,52.76,3.752,129.0490323,6.906
5,2011-07-10 00:00:00.000,309111.47,0,71.64,3.285,217.6123648,6.3
44,NULL,309129.01,1,38.89,3.445,129.8364,6.078
44,2011-02-09 00:00:00.000,309543.52,0,77,3.58,129.3259355,6.56
5,NULL,310013.11,0,79.81,2.759,211.4507688,6.465
44,NULL,310027.29,0,53.2,3.734,130.9670968,5.774
5,NULL,310141.68,0,78.33,3.666,223.5741019,5.603
5,NULL,310338.17,0,89.18,3.523,216.2950176,6.529
44,NULL,310531.04,0,40.65,3.489,129.8268333,6.078
33,2010-11-06 00:00:00.000,310800.79,0,93.52,3.057,126.1119032,9.849
5,2011-08-07 00:00:00.000,310804.93,0,86.64,3.48,215.8409491,6.529
36,2012-03-02 00:00:00.000,310982.87,0,61.33,3.421,218.8619099,7.244
44,NULL,311144.16,0,27.85,3.282,129.8980645,6.078
44,NULL,311390.22,0,51.7,3.833,131.108,5.621
5,2011-11-02 00:00:00.000,311590.54,1,38.25,3.022,213.4944627,6.634
5,2010-12-02 00:00:00.000,311825.7,1,39.81,2.548,211.8004698,6.566
5,2011-11-11 00:00:00.000,311906.7,0,60.71,3.297,218.5699621,6.3
5,2012-06-01 00:00:00.000,312078.71,0,50.21,3.157,220.2969205,5.943
33,2010-12-03 00:00:00.000,312161,0,55.61,3.034,126.6042857,10.115
5,NULL,312177.67,0,64.31,3.488,214.9257339,6.634
5,NULL,312220.47,0,57.75,3.555,221.2224243,5.943
44,2011-11-11 00:00:00.000,312233.56,0,33.8,3.513,129.8167097,6.078
36,2011-09-12 00:00:00.000,312298.37,0,50.64,3.147,217.6645878,7.716
44,NULL,312361.88,0,25.61,3.056,130.244,5.774
36,2012-04-05 00:00:00.000,312467.52,0,77.17,3.835,220.3545033,6.989
44,2011-07-10 00:00:00.000,312577.36,0,60.62,3.592,129.6938,6.078
33,NULL,312698.67,0,73.17,4.254,131.108,7.396
36,NULL,313270.45,0,62.21,3.55,219.3244636,7.244
5,NULL,313358.15,0,69.17,3.594,224.0192873,5.422
36,2011-04-11 00:00:00.000,313387.11,0,58.97,3.287,216.5634344,7.716
5,NULL,313795.6,0,83.91,2.637,212.0119769,6.465
5,NULL,314014.18,0,87.52,3.571,222.6276753,5.603
5,2011-01-04 00:00:00.000,314316.55,0,61.5,3.524,215.4024406,6.489
36,NULL,314607.22,0,85.89,3.571,220.7199609,6.623
36,NULL,314910.37,0,81.52,3.328,215.4532259,8.177
44,2011-01-07 00:00:00.000,315273.08,0,74.29,3.613,129.0894,6.56
36,2012-02-03 00:00:00.000,315396.72,0,64.54,3.619,219.5340975,7.244
44,NULL,315641.8,0,35.38,3.145,130.5502069,5.774
5,2011-02-09 00:00:00.000,315645.53,0,90.38,3.533,216.3588498,6.529
5,NULL,316203.64,0,80.78,3.256,222.5121481,5.603
44,2012-02-03 00:00:00.000,316687.22,0,32.36,3.242,130.6457931,5.774
44,NULL,316948.39,0,32.71,3.047,130.2792258,5.774
5,2010-05-02 00:00:00.000,317173.1,0,39.7,2.572,211.6539716,6.566
5,2011-05-08 00:00:00.000,317738.56,0,91.07,3.684,216.1071198,6.529
36,NULL,317872.51,0,69.18,3.845,219.9705599,7.244
36,2012-09-03 00:00:00.000,318674.93,0,63.19,3.647,219.7437314,7.244
5,NULL,319550.77,0,71.7,3.506,224.0378139,5.422
44,NULL,319855.26,0,80.42,3.537,130.7195806,5.407
44,2012-06-04 00:00:00.000,320021.1,0,48.85,3.793,131.0375484,5.621
44,NULL,320691.21,0,36.57,3.119,130.4546207,5.774
5,NULL,320831.36,0,79.45,3.62,222.7617437,5.603
5,2011-09-09 00:00:00.000,321110.22,1,79.04,3.546,216.4226819,6.529
5,NULL,321205.12,0,81.05,3.311,222.5209358,5.603
5,NULL,321299.99,0,64.44,3.787,221.8735063,5.943
38,NULL,322046.76,0,87.27,3.084,126.1266,14.099
36,NULL,322405.13,0,78.35,3.441,215.1233185,8.177
38,NULL,322868.56,0,93.19,3.129,126.0892903,14.18
5,2011-06-05 00:00:00.000,322904.68,0,66.27,3.906,216.3655877,6.489
44,NULL,323233.8,0,50.24,3.845,131.1173333,5.621
44,2012-01-06 00:00:00.000,323410.94,0,61.11,3.788,130.9592258,5.621
44,NULL,323766.77,0,52.06,3.781,131.1499677,5.217
5,2010-03-09 00:00:00.000,323798,0,84.06,2.577,212.0869176,6.496
36,NULL,323915.32,0,70.87,3.918,220.2483937,6.989
44,NULL,324174.79,0,81.53,3.57,129.2832581,6.56
5,2012-03-08 00:00:00.000,324195.17,0,86.91,3.417,222.5385111,5.603
36,NULL,324801.13,0,73.7,3.713,220.4252149,6.989
5,NULL,324839.74,0,68.96,3.814,222.2053519,5.801
5,NULL,325041.68,0,80.57,3.346,222.3900046,5.801
33,2010-09-04 00:00:00.000,325201.05,0,68.43,3.004,126.6019032,9.849
36,NULL,325262.46,0,55.41,3.098,218.0541851,7.716
5,2010-05-11 00:00:00.000,325310.3,0,58.88,2.689,212.5126051,6.768
44,2012-06-01 00:00:00.000,325327.93,0,33.8,3.08,130.1575161,5.774
5,2012-12-10 00:00:00.000,325345.41,0,66.24,3.601,223.974787,5.422
44,2012-10-02 00:00:00.000,325377.97,1,33.73,3.116,130.3849032,5.774
36,NULL,325976.34,0,56.28,3.254,218.5823389,7.244
44,2012-03-02 00:00:00.000,325986.05,0,31.39,3.077,130.3496774,5.774
44,2012-04-05 00:00:00.000,326053.28,0,54.41,3.831,131.136,5.621
36,NULL,326316.73,0,54.38,3.503,219.1148297,7.244
38,NULL,326469.43,0,67.84,3.058,126.1602258,14.099
33,2010-07-05 00:00:00.000,326870.13,0,75.4,3.127,126.2898,9.849
5,2011-01-07 00:00:00.000,327093.89,0,85.81,3.524,215.7474537,6.529
38,NULL,327237.92,0,54.83,2.915,126.5262857,13.975
5,NULL,327383.64,0,81.64,3.393,222.3492901,5.801
44,NULL,327389.51,0,79.4,3.545,130.7909677,5.407
5,2010-09-04 00:00:00.000,328020.49,0,65.19,2.77,211.1738835,6.465
38,NULL,328336.85,0,99.22,3.112,126.1283548,14.18
5,NULL,328415.44,0,74.34,3.807,216.0280407,6.489
36,2011-11-11 00:00:00.000,328498.92,0,63.5,3.254,216.7217373,7.716
36,NULL,328633.34,0,67.89,3.308,216.2468287,7.716
5,2011-04-03 00:00:00.000,329033.66,0,60.35,3.288,214.3842702,6.634
38,NULL,329139.73,0,92.81,3.041,126.0766452,14.18
5,2011-03-06 00:00:00.000,329183.92,0,83.81,3.699,215.8384319,6.489
36,2012-06-01 00:00:00.000,329467.82,0,57.18,3.129,218.4062876,7.244
5,2011-04-02 00:00:00.000,329613.2,0,41.67,2.989,213.1229755,6.634
5,NULL,329658.1,0,87.08,3.286,222.4307191,5.801
5,NULL,330063.06,0,67.33,3.877,222.1512315,5.801
44,NULL,330338.36,0,64.8,3.842,131.1266667,5.621
36,2012-11-05 00:00:00.000,330518.34,0,76.55,3.764,220.4075581,6.989
38,NULL,330604.9,0,81.77,2.939,126.1900333,14.18
36,NULL,330927.21,0,58.9,3.275,218.6755292,7.244
36,2012-06-04 00:00:00.000,331026.11,0,73.95,3.934,220.1204125,6.989
33,NULL,331173.51,0,76.8,3.145,126.2085484,9.849
5,NULL,331318.73,0,67.76,3.845,221.9480412,5.943
5,2010-02-04 00:00:00.000,331406,0,63.18,2.719,211.372888,6.465
44,NULL,331965.95,0,52.5,3.529,130.8261935,5.774
36,NULL,332811.55,1,66.41,3.181,217.1812533,7.716
36,NULL,332901.94,0,66.28,3.26,216.9395861,7.716
38,NULL,333025.47,0,59.57,3.054,126.6066452,13.975
36,NULL,333146.88,0,82.15,3.407,220.4494148,6.989
5,2010-07-05 00:00:00.000,333522.6,0,71.53,2.835,210.8896556,6.465
44,2012-10-08 00:00:00.000,333594.81,0,81.69,3.509,130.7561613,5.407
5,2012-11-05 00:00:00.000,333870.52,0,73.45,3.688,222.3135926,5.801
5,2012-03-02 00:00:00.000,333948,0,57.35,3.36,220.7561941,5.943
44,NULL,334042.43,0,65.17,3.808,131.0983226,5.621
38,NULL,334222.73,0,50.23,2.825,126.5522857,13.975
38,NULL,334441.15,0,52.77,3.236,126.8794839,14.313
38,NULL,335121.82,0,64.55,3.05,126.4713333,14.099
36,NULL,335345.82,0,67.48,3.779,219.8956335,7.244
38,NULL,335691.85,0,81.06,3.043,126.114,14.099
36,2012-10-02 00:00:00.000,335741.9,1,54.49,3.462,218.9551002,7.244
38,NULL,335858.11,0,60.06,3.083,126.6050645,13.975
44,NULL,336017.6,0,67.96,3.821,131.0103333,5.407
5,NULL,336189.66,0,70.45,3.63,222.330443,5.801
38,2010-10-09 00:00:00.000,336227.69,1,83.63,3.044,126.1145806,14.18
44,NULL,336241,0,72.89,3.737,130.7929,5.621
38,NULL,336253.19,0,82.45,3.028,126.1454667,14.18
38,NULL,336378.38,0,96.31,3.017,126.1069032,14.18
44,NULL,336479.49,0,83.68,3.595,130.683,5.407
44,2012-05-10 00:00:00.000,337390.44,0,61.79,3.815,131.0756667,5.217
38,NULL,337723.49,0,64.95,3.109,126.5621,14.099
38,NULL,337743.26,0,75,2.976,126.3266774,14.313
44,2012-12-10 00:00:00.000,337796.13,0,55.1,3.797,131.1083333,5.217
44,NULL,337819.16,0,75.69,3.556,130.7012903,5.407
5,2010-04-06 00:00:00.000,337825.89,0,79.54,2.705,211.7325146,6.465
38,NULL,337979.65,0,67.38,3.105,126.3805667,14.099
44,NULL,337985.74,0,77.37,3.582,130.8381613,5.407
36,2012-08-06 00:00:00.000,338273.38,0,81.5,3.513,220.4357073,6.989
38,NULL,338277.71,0,97.18,3.094,126.1498065,14.18
44,NULL,338386.08,0,82,3.681,130.7562667,5.621
44,NULL,338400.82,0,65.97,3.756,130.8295333,5.621
44,2012-07-09 00:00:00.000,338737.33,1,70.65,3.689,130.9325484,5.407
38,NULL,339042.18,0,68.85,3.014,126.3815484,14.313
5,NULL,339392.54,0,63.55,3.734,221.7989713,5.943
36,NULL,339407.94,0,72.54,3.919,220.1953389,6.989
44,NULL,339490.69,0,79.18,3.624,130.8853548,5.407
3,NULL,339597.38,0,86.74,2.692,214.9730444,7.346
3,NULL,339976.65,0,67.87,2.795,213.7221852,7.343
38,2010-12-11 00:00:00.000,340147.2,0,57.79,3.13,126.5461613,14.313
44,2012-08-06 00:00:00.000,340238.38,0,68.4,3.776,130.8896774,5.621
38,NULL,340497.08,0,76.2,3.12,126.1843871,14.099
36,NULL,340708.78,0,76.1,3.837,214.3580974,8.3
38,NULL,341098.08,0,53.53,3.223,127.4404839,14.021
5,2012-06-07 00:00:00.000,341214.43,0,82.35,3.227,222.4714336,5.603
38,NULL,341219.63,0,61.09,3.016,126.4364194,14.313
44,2012-11-05 00:00:00.000,341381.08,0,56.47,3.809,131.1453333,5.621
38,NULL,341400.72,0,87.01,3.159,126.064,14.18
36,NULL,341503.92,0,58.31,3.133,217.8781339,7.716
38,2010-09-04 00:00:00.000,341630.46,0,59.25,3.09,126.6019032,14.099
5,2012-08-06 00:00:00.000,341704.59,0,81.02,3.452,222.33627,5.801
5,NULL,341994.48,0,78.23,3.561,222.3323853,5.801
38,2010-12-03 00:00:00.000,342023.92,0,50.11,2.925,126.6042857,13.975
36,NULL,342076.99,0,74.16,3.234,216.0885258,7.716
38,2010-12-02 00:00:00.000,342214.9,1,47.87,2.946,126.4962581,13.975
44,2012-03-08 00:00:00.000,342385.38,0,81.99,3.512,130.737871,5.407
38,NULL,342667.35,1,44.64,3.428,130.0710323,12.89
5,2012-05-10 00:00:00.000,343048.29,0,71.17,3.617,223.7744444,5.422
36,NULL,343108.12,0,82.06,3.473,214.7934111,8.177
44,NULL,343268.29,0,62.39,3.801,131.0287742,5.621
3,NULL,343763.17,0,75.81,2.826,213.9116886,7.343
38,2010-09-07 00:00:00.000,343850.34,0,90.37,3.1,126.1518,14.18
38,NULL,344225.99,0,68.27,4.151,128.9998667,13.736
5,2010-03-12 00:00:00.000,344490.88,0,51.31,2.708,212.1613951,6.768
5,NULL,344642.01,0,84.25,3.638,222.8958121,5.603
36,NULL,344964.2,0,86.02,3.501,214.4878416,8.177
3,NULL,345381.29,0,88.07,3.682,218.8440545,7.567
3,NULL,345584.39,0,69.71,2.72,215.1293114,7.564
36,2011-07-10 00:00:00.000,346137.87,0,71.2,3.262,215.7831333,7.716
38,NULL,346174.3,0,68.44,3.145,126.2085484,14.099
5,2012-09-03 00:00:00.000,347295.6,0,57.69,3.669,221.6460048,5.943
44,NULL,347726.67,0,68.55,3.749,130.9776667,5.407
3,NULL,347955.05,0,82.04,2.64,214.695346,7.346
3,NULL,348591.74,0,72.04,2.716,215.2274686,7.564
38,NULL,348593.99,0,58.18,3.161,126.6072,14.313
36,NULL,348655.2,0,81.28,3.786,214.2408462,8.3
3,NULL,348895.98,0,71.64,2.725,215.17839,7.564
3,2010-09-07 00:00:00.000,349214.18,0,81.75,2.642,214.4265704,7.346
5,2012-10-02 00:00:00.000,349239.88,1,48.57,3.409,220.849586,5.943
38,NULL,349459.95,0,64.21,3.692,128.5121935,14.021
3,NULL,349518.1,0,58.06,3.29,223.5645845,6.833
5,NULL,349624.88,1,45.62,3.129,220.1178226,6.3
3,NULL,350089.23,0,78.6,2.759,214.2037634,7.343
36,2011-02-09 00:00:00.000,350276.29,0,87.5,3.481,214.5516896,8.177
5,2012-07-09 00:00:00.000,350648.91,1,86.3,3.73,223.0298805,5.603
3,NULL,350876.7,0,50.74,3.016,215.1268275,7.551
38,2010-08-10 00:00:00.000,351271.36,0,71.82,3.013,126.2791667,14.313
38,NULL,351541.62,0,54.4,3.909,128.6160645,14.021
3,NULL,351728.21,0,88.02,2.664,214.9314191,7.346
5,NULL,351832.03,0,70.56,3.891,222.0971111,5.801
38,2010-03-12 00:00:00.000,351925.36,0,43.33,3.041,126.7313333,14.313
3,2010-10-09 00:00:00.000,352260.97,1,80.84,2.565,214.8065431,7.346
3,NULL,352728.78,0,84.32,2.623,214.4176476,7.346
5,2010-10-12 00:00:00.000,352811.53,0,48.27,2.843,212.0193491,6.768
3,NULL,352864.49,0,83.32,2.608,214.5564968,7.346
36,2011-09-09 00:00:00.000,352960.64,1,77.94,3.499,214.6155376,8.177
5,2011-04-11 00:00:00.000,353652.23,0,56.71,3.332,218.408408,6.3
38,NULL,354078.95,0,88.95,3.898,129.0663,13.736
38,NULL,354232.34,0,48.45,3.53,128.13,14.021
36,2011-01-07 00:00:00.000,354270.77,0,85.33,3.502,213.9324122,8.177
36,NULL,354361.08,0,84.99,3.66,214.2343177,8.177
38,2010-11-06 00:00:00.000,354828.65,0,90.84,2.949,126.1119032,14.099
3,NULL,354993.26,0,66.98,2.808,213.7726889,7.343
3,2010-11-06 00:00:00.000,355017.09,0,82.1,2.668,214.787913,7.343
38,NULL,355131.33,0,93.29,3.805,129.1677097,13.503
44,NULL,355307.94,0,64.8,3.821,131.043,5.407
3,NULL,355626.87,0,76.9,2.624,214.9084516,7.346
38,2010-10-12 00:00:00.000,355965.23,0,50.01,3.203,126.7934,14.313
38,NULL,356138.79,0,43.15,3.312,127.3009355,14.021
5,NULL,356427.98,0,48.25,3.51,221.0106341,5.943
5,NULL,356622.61,0,58.83,3.045,213.8068304,6.634
38,NULL,356797,0,86.84,3.935,129.0432,13.736
38,NULL,356886.1,0,76.67,4.087,129.0623548,13.736
3,NULL,357346.48,0,83.79,2.653,214.6660741,7.343
38,NULL,357557.16,0,50.74,3.342,127.5800323,14.021
38,2011-11-03 00:00:00.000,357897.18,0,57.75,3.818,128.3995,14.021
44,2012-06-07 00:00:00.000,358461.58,0,79.23,3.63,130.7196333,5.407
38,2010-05-02 00:00:00.000,358496.14,0,49.47,2.962,126.4420645,13.975
3,2010-01-10 00:00:00.000,358784.1,0,73.6,2.603,214.9846548,7.564
5,2012-02-03 00:00:00.000,359206.21,0,60.66,3.63,221.4342146,5.943
36,NULL,359310.65,1,52.88,2.949,210.182398,8.476
5,2012-01-06 00:00:00.000,359867.8,0,79.72,3.501,222.3343277,5.801
3,NULL,359949.27,0,57.06,2.732,214.3241011,7.368
36,NULL,360009.94,0,83.95,3.569,213.8402689,8.3
38,2010-01-10 00:00:00.000,360256.58,0,85.2,3.001,126.2346,14.313
36,2010-03-12 00:00:00.000,360266.09,0,54.44,2.694,210.376263,8.476
3,NULL,360617.37,0,86.19,3.651,218.7857881,7.567
38,NULL,360857.98,1,47.66,3.162,126.6692667,14.313
5,2012-04-05 00:00:00.000,360932.69,0,77.1,3.749,222.2594722,5.801
44,NULL,361067.07,0,46.97,3.755,131.1930968,5.217
38,2010-02-07 00:00:00.000,361181.48,0,91.98,3.105,126.1392,14.18
3,NULL,361248.39,0,70.24,2.78,213.6716815,7.343
36,NULL,361311.41,0,83.31,3.637,214.1713416,8.177
3,NULL,362134.09,0,86.15,2.619,214.8897938,7.346
38,NULL,362224.7,0,91.74,3.743,129.2405806,13.503
38,NULL,362758.94,0,57.63,3.868,128.9107333,13.736
38,NULL,362952.34,0,72.12,4.134,128.9553,13.736
3,NULL,363064.64,0,82.36,2.582,214.8322484,7.346
3,NULL,364076.85,0,83.52,2.637,214.7858259,7.343
3,NULL,364603.13,0,75.79,3.907,219.127216,7.574
38,NULL,364606.7,0,53.35,3.43,127.99525,14.021
3,NULL,364866.24,0,48.71,3.01,215.5065821,7.551
44,NULL,365098.24,0,34.9,2.846,126.9835806,7.61
3,NULL,365248.94,0,80.19,3.467,219.7414914,7.567
38,NULL,365562.67,0,91.17,3.794,129.1507742,13.503
38,NULL,365672.55,0,94.61,3.74,129.2832581,13.503
38,NULL,365730.76,0,66.59,4.169,129.0756774,13.736
3,NULL,365818.61,0,56.2,3.268,223.4700552,6.833
3,NULL,366250.69,0,75.88,3.743,218.6788642,7.574
3,NULL,366367.55,0,87.67,3.523,219.0866908,7.567
3,2010-03-09 00:00:00.000,366473.97,0,84.16,2.577,214.8481685,7.346
38,NULL,366819.84,0,83.26,3.877,129.6060667,13.503
38,NULL,366977.79,0,70.93,4.202,129.089,13.736
38,NULL,367181.71,0,88.1,3.692,129.1338387,13.503
3,NULL,367405.4,0,78.69,3.81,219.0236099,7.574
5,2011-09-12 00:00:00.000,367433.77,0,44.12,3.158,219.540637,6.3
3,NULL,367438.62,0,51.86,3.261,223.3755259,6.833
5,NULL,367801.19,0,51.61,2.869,211.9580815,6.768
3,NULL,368282.57,0,73.75,3.274,220.7486167,7.197
3,NULL,368477.93,0,82.58,3.355,220.085696,7.567
16,NULL,368600,0,40.74,3.636,192.5234638,6.339
38,2010-02-04 00:00:00.000,368929.55,0,59.84,3.086,126.6034839,14.099
3,2011-01-07 00:00:00.000,368962.72,0,85.1,3.524,218.5467052,7.567
38,NULL,369106.72,0,52.02,3.236,126.9835806,14.313
3,NULL,369350.6,0,84.41,3.786,218.8860765,7.574
30,2011-02-09 00:00:00.000,369722.32,0,91.94,3.533,215.4508632,7.852
16,NULL,370230.94,0,44.9,2.776,189.6190057,6.842
30,2011-09-09 00:00:00.000,370897.82,1,78.87,3.546,215.5148295,7.852
36,NULL,372174.12,0,48.74,2.995,210.9682412,8.395
38,2010-05-03 00:00:00.000,372239.89,0,53.77,2.987,126.5782857,13.975
3,NULL,372545.32,0,57.72,2.771,215.2074519,7.564
7,NULL,372673.61,0,41.41,2.788,189.4904116,8.963
36,NULL,373267.58,0,87.24,3.534,214.4239935,8.177
3,NULL,373454.33,0,87.14,3.575,218.7275216,7.567
7,NULL,373655.61,0,38.99,2.766,189.575127,8.963
36,2011-03-06 00:00:00.000,373703.95,0,82.96,3.69,214.0162805,8.3
36,2011-10-06 00:00:00.000,374182.04,0,82.41,3.633,213.7917147,8.3
3,2011-01-04 00:00:00.000,374556.08,0,68.76,3.524,218.2114184,7.574
36,NULL,374574.72,0,74.57,3.805,214.1921572,8.3
3,NULL,375328.59,0,60.42,2.72,214.5301219,7.368
3,NULL,375629.51,0,83.63,3.526,219.3972867,7.567
3,2011-02-09 00:00:00.000,375988.69,0,89.12,3.533,219.1501106,7.567
36,NULL,376183.44,0,73.02,3.925,214.465412,8.3
38,2010-04-06 00:00:00.000,376184.88,0,81.39,2.941,126.1360645,14.099
5,2011-02-12 00:00:00.000,376225.61,0,51.14,3.172,219.2917287,6.3
44,NULL,376233.89,0,24.76,3.186,129.9845484,6.078
30,NULL,376777.45,1,45.16,3.129,219.1773063,7.441
38,2010-03-09 00:00:00.000,377096.55,0,83.12,3.087,126.1019355,14.18
3,2011-09-09 00:00:00.000,377347.49,1,81.72,3.546,219.2135305,7.567
36,2011-08-07 00:00:00.000,377464.62,0,84.71,3.44,214.0245556,8.177
38,2011-11-02 00:00:00.000,377672.46,1,51.3,3.381,127.859129,14.021
16,NULL,378100.31,0,37.77,3.663,192.6243322,6.339
3,2011-07-01 00:00:00.000,378241.34,0,53.35,2.976,214.6955104,7.551
38,NULL,378539.17,0,67.41,3.727,129.7936774,12.89
38,2010-06-08 00:00:00.000,378574.44,0,92.95,3.123,126.0854516,14.18
5,NULL,379530.3,0,54.42,3.159,219.7596266,6.3
3,NULL,379716.91,0,88.44,3.554,219.023271,7.567
36,2011-12-08 00:00:00.000,380188.69,0,87.64,3.608,214.3602701,8.177
36,NULL,380279.44,0,67.73,3.053,212.2912786,8.395
3,2011-12-08 00:00:00.000,380376.85,0,88.88,3.638,218.9605873,7.567
3,NULL,380683.67,0,72.94,3.473,217.9674705,7.551
38,2010-05-11 00:00:00.000,380870.09,0,65.49,3.129,126.4912903,14.313
36,2011-05-08 00:00:00.000,381017.75,0,86.71,3.652,214.2972939,8.177
3,NULL,381061.1,0,44.76,2.983,214.7470729,7.551
3,2010-02-07 00:00:00.000,381151.72,0,82.2,2.669,214.5463222,7.346
38,2011-10-06 00:00:00.000,381763.02,0,78.72,3.981,129.0357097,13.736
38,2011-01-04 00:00:00.000,382098.13,0,63.63,3.772,128.7199355,13.736
3,NULL,382677.76,1,53.2,2.943,214.6986466,7.564
30,NULL,382914.66,0,80.62,3.526,215.6944378,7.852
16,NULL,383550.93,0,37.75,2.766,189.575127,6.842
38,2010-07-05 00:00:00.000,383657.44,0,70.15,3.127,126.2898,14.099
3,2011-08-04 00:00:00.000,384075.31,0,72.55,3.622,218.4553663,7.574
3,2010-12-03 00:00:00.000,384200.69,0,63.08,2.667,214.7027646,7.368
3,NULL,384357.94,0,77.18,2.854,213.6196139,7.343
36,2011-07-01 00:00:00.000,384659.85,0,54.11,2.942,210.1842358,8.395
3,NULL,385520.71,0,84.94,3.594,218.45094,7.574
36,NULL,385631.48,0,85.63,3.55,214.1083654,8.177
36,2011-01-04 00:00:00.000,385672.11,0,67.31,3.529,213.5776701,8.3
3,NULL,386312.68,0,79.87,3.899,219.3683556,7.574
38,2011-07-01 00:00:00.000,386344.54,0,37.64,3.287,127.1917742,14.021
3,2010-12-11 00:00:00.000,386635.03,0,62.79,2.728,215.3256258,7.564
30,NULL,387001.13,0,78.91,3.355,216.3620333,7.852
38,2011-01-07 00:00:00.000,387334.04,0,89.85,3.842,129.0894,13.503
38,2011-12-08 00:00:00.000,387844.05,0,91.04,3.701,129.2015806,13.503
30,NULL,387944.83,0,92.07,3.523,215.386897,7.852
3,NULL,389427.9,0,84.94,3.407,225.4537579,6.334
3,NULL,389540.62,0,71.04,3.372,221.0801842,7.197
3,NULL,389813.02,0,77.46,3.666,226.5180926,6.334
36,NULL,390732.02,0,71.07,3.488,213.3436744,8.395
3,2011-10-06 00:00:00.000,391638.75,0,84.84,3.648,218.4037974,7.574
3,2012-10-08 00:00:00.000,391811.6,0,85.85,3.494,225.4735085,6.334
30,NULL,391837.56,0,75.68,3.467,216.0282356,7.852
3,NULL,391860.04,0,76.91,3.807,218.851237,7.574
38,NULL,392003.13,0,54.2,3.813,129.8268333,12.89
3,NULL,392109.51,0,69.47,3.488,217.7235226,7.551
38,2011-08-04 00:00:00.000,392152.3,0,64.47,4.003,128.8238065,13.736
36,NULL,392654.26,0,76.22,2.68,210.6736944,8.476
36,2011-06-05 00:00:00.000,393401.4,0,69.56,3.917,214.5240376,8.3
38,NULL,393715.71,1,53.25,3.622,129.8364,12.89
3,2011-03-06 00:00:00.000,394507.84,0,84.29,3.699,218.6449369,7.574
3,NULL,394616.11,0,73.39,3.814,225.1243526,6.664
36,NULL,394645.25,0,84.43,3.599,213.7481256,8.3
38,NULL,394665.28,0,82.95,3.789,129.5183333,13.503
3,NULL,394918.83,0,87.36,3.571,225.5558664,6.334
3,NULL,394976.36,0,69.03,3.353,220.9144005,7.197
3,2010-08-10 00:00:00.000,395107.35,0,66.99,2.633,215.060858,7.564
3,2011-08-07 00:00:00.000,395146.24,0,85.38,3.48,218.6424704,7.567
7,NULL,395195.65,0,46.6,2.776,189.467827,8.963
36,NULL,395316.65,0,76.73,3.92,214.6899778,8.3
7,2010-07-05 00:00:00.000,395453.83,0,40.07,2.771,189.5312483,8.963
29,NULL,395987.24,0,35.68,3.568,136.9598387,8.988
38,2011-03-06 00:00:00.000,396826.06,0,71.81,4.031,129.0490323,13.736
3,2010-04-06 00:00:00.000,396968.8,0,78.53,2.705,214.4958382,7.343
3,NULL,397211.19,0,67.4,3.065,216.8780275,7.551
38,NULL,397428.22,0,85.32,4.055,130.8381613,10.926
30,NULL,397631.02,1,47.19,2.943,211.064774,8.163
38,2011-09-09 00:00:00.000,397771.68,1,88,3.913,129.3686129,13.503
3,2012-06-01 00:00:00.000,398178.21,0,52.42,3.157,223.1923049,6.833
16,NULL,398445.15,0,59.69,3.927,197.664546,6.169
38,NULL,398468.08,0,81.22,3.966,131.043,10.926
3,NULL,398838.97,0,63.91,3.308,221.6432852,7.197
36,NULL,399191.05,0,51.18,2.98,210.6031072,8.395
3,2010-07-05 00:00:00.000,399323.86,0,73.47,2.835,213.6211778,7.343
38,2011-08-07 00:00:00.000,399699.17,0,89.9,3.705,129.1125,13.503
38,NULL,400430.78,0,67.31,3.805,129.7706452,12.89
36,2011-11-02 00:00:00.000,401501.2,1,41.16,3.009,211.6985093,8.395
38,NULL,401615.8,0,66.73,4.222,131.1173333,11.627
16,NULL,401770.9,0,41.26,2.788,189.4904116,6.842
38,2011-04-02 00:00:00.000,402341.76,0,45.14,3.348,127.7195806,14.021
36,2011-04-03 00:00:00.000,402579.84,0,64.55,3.282,212.576205,8.395
3,2010-06-08 00:00:00.000,402635.76,0,85.13,2.627,214.8341952,7.346
38,NULL,402709.17,0,73.05,3.842,129.7821613,12.89
5,2012-06-04 00:00:00.000,402985.7,0,70.4,3.891,222.0225762,5.801
16,2010-07-05 00:00:00.000,403217.22,0,37.43,2.771,189.5312483,6.842
3,2011-07-10 00:00:00.000,403342.4,0,75.54,3.285,220.4299007,7.197
3,NULL,403423.34,0,86.96,3.637,218.3551748,7.574
38,NULL,404283.84,0,43.29,3.6,129.8980645,12.89
36,NULL,404438.51,0,55.76,2.711,209.7870932,8.554
36,2010-10-12 00:00:00.000,404545.03,0,51.83,2.813,210.2372494,8.476
38,NULL,404634.36,0,90.47,3.875,130.7562667,11.627
7,NULL,404751.25,0,43.07,2.776,189.6190057,8.963
3,2011-11-03 00:00:00.000,404753.3,0,61.29,3.459,217.4653683,7.551
38,NULL,405215.91,0,46.2,3.66,130.2792258,12.187
38,2011-04-03 00:00:00.000,405429.43,0,51.72,3.674,128.26475,14.021
3,NULL,405432.7,0,74.66,3.506,226.9873637,6.034
36,2010-05-11 00:00:00.000,405860.37,0,62.72,2.655,210.7202444,8.476
38,NULL,405938.35,0,91.61,4.014,130.7929,11.627
7,NULL,406228.19,0,41.89,2.765,189.6628845,8.963
7,2011-06-05 00:00:00.000,407012.47,0,26.54,3.735,192.7252006,8.595
30,2010-03-12 00:00:00.000,407112.22,0,50.43,2.708,211.265543,8.163
38,NULL,407186.47,0,93.47,3.769,130.7195806,10.926
3,NULL,407204.86,0,52.05,2.561,214.6475127,7.368
3,NULL,407488.84,0,69.36,3.845,224.8651254,6.833
36,2011-11-03 00:00:00.000,407506.78,0,59.15,3.448,212.8611313,8.395
3,NULL,407589.16,0,78.36,3.717,226.1122067,6.334
3,2011-11-11 00:00:00.000,407764.25,0,61.7,3.297,221.4117517,7.197
38,NULL,408188.88,0,76.36,3.918,129.4306,13.503
3,2012-07-09 00:00:00.000,408229.73,1,84.99,3.73,225.9660263,6.334
38,NULL,408679.36,0,64.36,4.294,130.9670968,12.187
3,NULL,408838.73,0,85.18,3.638,225.8293063,6.334
36,NULL,408891.49,1,67.73,2.725,210.5152765,8.476
38,NULL,409411.61,0,53.13,3.95,130.5502069,12.187
38,NULL,409600.98,0,82.97,4.125,131.0103333,10.926
30,2011-11-11 00:00:00.000,409686.63,0,59.8,3.297,217.6455387,7.441
3,2011-05-08 00:00:00.000,409981.25,0,88.45,3.684,218.9023209,7.567
36,NULL,410214.7,0,56.73,2.852,210.1787224,8.476
16,NULL,410406.95,0,43.29,3.767,192.826069,6.339
29,NULL,410426.97,0,20.61,3.243,133.1059677,10.256
7,NULL,410429.73,0,26.79,3.663,192.6243322,8.595
36,NULL,410497.73,0,42.87,2.971,210.2379731,8.395
3,NULL,410553.88,1,48.29,3.129,223.0090839,7.197
30,NULL,410711.99,0,69.79,3.274,217.0048261,7.441
3,2012-12-10 00:00:00.000,410804.39,0,70.31,3.601,226.9239785,6.034
38,2011-11-11 00:00:00.000,411116.95,0,48.76,3.824,129.8167097,12.89
3,2012-06-07 00:00:00.000,411206.5,0,83.14,3.227,225.3916254,6.334
38,2011-02-12 00:00:00.000,411252.02,0,52.5,3.701,129.8459667,12.89
36,NULL,411615.71,0,56.73,2.741,210.65429,8.476
3,NULL,411775.8,0,64,3.734,224.7166953,6.833
38,NULL,411866.46,0,94.87,4.002,130.7909677,10.926
36,NULL,412050.73,0,84.62,2.562,210.3292106,8.36
30,2011-12-08 00:00:00.000,412224.67,0,92.32,3.638,215.2593211,7.852
38,NULL,412314.71,0,84.51,4.11,131.0983226,11.627
30,2011-02-12 00:00:00.000,412385.75,0,48.72,3.172,218.3590319,7.441
3,NULL,412449.67,0,83.01,3.62,225.6925864,6.334
38,NULL,412456.48,0,56.26,4.038,130.8966452,12.187
38,NULL,412882.31,0,50.43,3.675,130.3144516,12.187
3,2011-06-05 00:00:00.000,413042.12,0,69.45,3.906,219.1959827,7.574
30,NULL,413617.45,0,63.39,3.734,220.8498468,7.057
3,NULL,413701.29,0,78.58,3.561,225.2515168,6.664
3,NULL,413907.25,0,66.53,3.787,224.7909104,6.833
7,NULL,414094.05,0,36.61,3.767,192.826069,8.595
30,NULL,414245.96,0,91.56,3.682,215.1363819,7.852
3,NULL,414392.09,0,72.78,3.721,226.3151496,6.334
30,NULL,414450.61,0,90.11,3.554,215.3229307,7.852
36,NULL,414986.54,0,73.25,3.763,214.026217,8.3
3,2010-05-03 00:00:00.000,415202.04,0,53.04,2.625,214.6751386,7.368
38,NULL,415513.97,0,51.8,3.781,130.4546207,12.187
3,2010-09-04 00:00:00.000,415870.28,0,68,2.77,213.9120595,7.343
38,NULL,416036.75,0,95.61,3.723,130.683,10.926
29,NULL,416881.66,0,74.92,3.84,138.1857097,9.419
3,NULL,416913.1,0,82.28,3.256,225.4340074,6.334
38,2011-02-09 00:00:00.000,416953.51,0,93.66,3.798,129.3259355,13.503
30,NULL,417070.51,0,59.87,3.045,212.9033115,8.028
38,NULL,417290.38,0,65.95,4.301,131.1930968,10.199
36,2011-04-02 00:00:00.000,417521.7,0,46.68,2.98,211.3333753,8.395
30,2011-07-10 00:00:00.000,417528.26,0,71.64,3.285,216.6958311,7.441
30,NULL,417640.34,0,82.51,3.256,221.5616784,6.565
3,NULL,418112.76,0,72.38,3.63,225.2512024,6.664
3,NULL,418925.47,0,60.12,3.555,224.1320199,6.833
36,NULL,419348.59,0,79.17,2.578,210.3664469,8.36
3,NULL,419497.95,0,82.7,3.346,225.3068615,6.664
38,NULL,419717.41,0,45.4,3.541,129.9845484,12.89
30,2011-08-07 00:00:00.000,419764.37,0,89.16,3.48,214.9296249,7.852
38,NULL,419964.77,0,77.99,4.193,131.1266667,11.627
3,2012-03-08 00:00:00.000,419990.29,0,86.55,3.417,225.4636332,6.334
30,NULL,420515.63,0,91.05,3.575,215.0134426,7.852
3,2010-12-02 00:00:00.000,420728.96,1,47.93,2.548,214.5747916,7.368
3,NULL,420789.74,0,72.83,3.891,225.0135556,6.664
3,NULL,421642.19,0,47.07,2.514,214.6198868,7.368
36,NULL,422093.59,0,59.1,2.863,210.1805602,8.476
36,2010-01-10 00:00:00.000,422169.47,0,74.66,2.567,210.4404433,8.476
38,2011-06-05 00:00:00.000,422186.65,0,68.4,4.193,129.0444333,13.736
30,NULL,422715.74,0,85.72,3.594,214.7441108,7.931
38,NULL,422810.12,0,83.84,4.293,131.0287742,11.627
3,NULL,422965.33,0,86.42,3.286,225.3492435,6.664
3,2010-05-11 00:00:00.000,423175.56,0,62.94,2.689,215.2765472,7.564
30,NULL,423192.4,0,88.05,3.286,221.4813343,6.891
38,NULL,423260.82,0,48.07,3.657,130.244,12.187
3,2010-02-04 00:00:00.000,423294.4,0,65.56,2.719,214.1180803,7.343
30,NULL,423351.15,0,85.55,3.571,221.6751459,6.565
7,NULL,423380.14,0,27.79,3.611,192.4225954,8.595
30,NULL,423441.76,0,90.27,3.651,215.0749122,7.852
30,NULL,423687.2,0,70.19,3.81,215.2772683,7.931
30,NULL,423707.69,0,51.71,2.771,211.5470304,8.163
16,2011-06-05 00:00:00.000,423805.22,0,38.64,3.735,192.7252006,6.339
16,2010-09-04 00:00:00.000,424083.99,0,34.21,2.75,189.6901012,6.842
3,NULL,424513.08,0,73.44,3.594,226.9688442,6.034
30,NULL,424581.17,0,88.09,3.407,221.5785461,6.565
30,NULL,424614.59,0,75.04,3.899,215.6124735,7.931
7,NULL,424670.98,0,36.16,3.828,192.831317,8.595
30,2011-10-06 00:00:00.000,424697.05,0,84.71,3.648,214.6964908,7.931
38,NULL,424904.95,0,89.78,4.093,130.8853548,10.926
36,NULL,424956.3,0,72.24,2.698,210.6271444,8.476
3,2012-03-02 00:00:00.000,424960.66,0,59.33,3.36,223.6591137,6.833
30,2012-03-08 00:00:00.000,425136.55,0,91.57,3.417,221.5869799,6.565
30,NULL,425215.71,0,54.81,3.555,220.275944,7.057
30,NULL,425296.65,0,77.72,3.62,221.8083518,6.565
30,NULL,425410.04,0,80.38,3.666,222.6164329,6.565
30,NULL,425470.84,0,63.26,3.488,214.0156238,8.028
36,2010-12-11 00:00:00.000,425804.8,0,61.97,2.705,210.7667944,8.476
30,NULL,425989.04,0,44.04,3.01,211.8552668,8.028
30,NULL,426151.88,0,65.46,3.372,217.3251824,7.441
30,NULL,426666.92,0,71.01,3.743,214.9420631,7.931
29,NULL,426905.26,0,24.76,3.215,132.9510645,10.256
16,2012-04-05 00:00:00.000,426959.62,0,51.34,3.903,197.6063534,6.169
30,2012-01-06 00:00:00.000,427021.18,0,79.24,3.501,221.3852748,6.891
36,NULL,427175.03,0,57.48,3.017,212.0063522,8.395
30,NULL,427491.04,0,84.25,3.311,221.5701123,6.565
16,NULL,427855.24,0,34.59,3.611,192.4225954,6.339
38,NULL,428465.11,0,64.44,4.273,130.8261935,12.187
30,NULL,428554.63,0,81.78,3.346,221.4411622,6.891
30,2010-10-12 00:00:00.000,428631.91,0,46.35,2.843,211.1247993,8.163
36,2011-08-04 00:00:00.000,428727.61,0,69.39,3.645,213.8116658,8.3
30,2011-01-07 00:00:00.000,428782.38,0,87.57,3.524,214.8368678,7.852
30,NULL,428784.7,0,69.03,3.891,221.1484028,6.891
38,NULL,428806.46,0,68.66,4.449,131.1499677,10.199
36,NULL,428851.99,0,59.56,2.701,209.9803208,8.554
42,NULL,428953.6,1,49.67,3.148,127.0876774,9.003
30,NULL,428958.53,0,65.16,3.353,217.1650042,7.441
30,NULL,429305.82,0,76.86,3.786,215.1544822,7.931
38,2012-11-05 00:00:00.000,429914.6,0,77.27,4.186,131.1453333,11.627
38,NULL,430222.07,0,85.94,4.144,130.8295333,11.627
30,NULL,430222.97,0,62.96,3.787,220.9244858,7.057
3,2011-11-02 00:00:00.000,430526.21,1,43.57,3.022,216.2660913,7.551
30,2012-10-08 00:00:00.000,430878.28,0,89.57,3.494,221.5954138,6.565
38,NULL,430944.39,0,83.64,4.133,130.9776667,10.926
30,2010-12-11 00:00:00.000,431266.64,0,60.95,2.728,211.6608975,8.163
36,2010-03-09 00:00:00.000,431294.45,0,82.29,2.533,210.2966631,8.36
36,NULL,431412.22,0,64.9,3.487,213.1096787,8.395
30,NULL,431754.01,0,70.33,3.473,214.2521573,8.028
30,2011-05-08 00:00:00.000,431798.64,0,94.22,3.684,215.1978515,7.852
3,2012-11-05 00:00:00.000,431985.36,0,75.19,3.688,225.2351496,6.664
3,2012-01-06 00:00:00.000,432268.53,0,81.55,3.501,225.2518313,6.664
30,2011-04-11 00:00:00.000,432359.04,0,56.01,3.332,217.4853605,7.441
3,NULL,432424.85,0,81.38,3.311,225.4438827,6.334
36,NULL,432451.91,0,81.88,2.602,210.1286794,8.36
30,NULL,432687.97,0,61.27,3.065,213.190421,8.028
3,NULL,432782.1,0,61.58,3.045,216.5843571,7.551
30,2011-03-06 00:00:00.000,432808.48,0,83.82,3.699,214.9254865,7.931
30,NULL,433037.66,0,50.79,3.29,219.7188636,7.057
30,2012-07-09 00:00:00.000,433565.77,1,88.4,3.73,222.0747635,6.565
30,NULL,433744.83,0,69.21,3.814,221.255812,6.891
30,2012-03-02 00:00:00.000,434080.74,0,55.83,3.36,219.8118854,7.057
36,NULL,434116.8,0,68.03,2.762,209.2199574,8.464
36,2010-02-07 00:00:00.000,434252.15,0,81.85,2.606,209.984205,8.36
36,2010-10-09 00:00:00.000,434471.38,1,80.58,2.513,210.2641156,8.36
30,2012-12-10 00:00:00.000,434593.26,0,61.53,3.601,223.0154263,6.17
3,NULL,434822.13,0,72.05,3.877,225.0689541,6.664
36,NULL,434879.87,0,84.14,2.601,210.0975233,8.464
30,NULL,435102.2,0,68.36,3.907,215.3834778,7.931
30,NULL,435109.11,0,45.03,3.51,220.0651993,7.057
16,NULL,435300.51,0,47.34,2.776,189.467827,6.842
16,NULL,435397.19,0,43.95,3.828,192.831317,6.339
38,2011-09-12 00:00:00.000,435401.64,0,42.17,3.644,129.8555333,12.89
30,NULL,435481.03,0,87.54,3.637,214.6513538,7.931
38,2012-01-06 00:00:00.000,435579.7,0,78.11,4.277,130.9592258,11.627
38,NULL,435790.74,0,64.28,4.254,131.108,11.627
36,2010-02-04 00:00:00.000,435972.82,0,63.43,2.708,209.5938656,8.464
30,2012-11-05 00:00:00.000,436070.45,0,74.14,3.688,221.3632212,6.891
16,NULL,436221.26,0,43.61,3.936,197.7227385,6.169
30,2010-09-07 00:00:00.000,436293.4,0,81.67,2.642,210.7657317,8.099
16,NULL,436312.41,0,45.69,2.765,189.6628845,6.842
30,NULL,436462.63,0,61.9,3.308,217.8670218,7.441
38,2012-10-08 00:00:00.000,436690.13,0,95.91,3.811,130.7561613,10.926
30,2011-09-12 00:00:00.000,436741.02,0,41.44,3.158,218.605037,7.441
38,2011-04-11 00:00:00.000,436970.1,0,59.77,3.828,129.8051935,12.89
3,2011-04-03 00:00:00.000,437084.51,0,65.11,3.288,217.1716979,7.551
30,2012-08-06 00:00:00.000,437222.94,0,79.47,3.452,221.3877467,6.891
38,2012-12-10 00:00:00.000,437320.66,0,71.74,4.468,131.1083333,10.199
30,NULL,437537.29,0,68.52,3.594,223.0598077,6.17
38,2011-05-08 00:00:00.000,437631.44,0,90.61,3.803,129.1846452,13.503
30,NULL,437773.31,0,76.1,3.717,222.2174395,6.565
30,NULL,437893.76,0,83.59,2.64,211.0264684,8.099
30,2011-01-04 00:00:00.000,437926.79,0,56.36,3.524,214.4886908,7.931
36,NULL,437949.9,0,85.54,2.604,210.3617581,8.36
30,NULL,438068.71,0,85.61,2.623,210.7577954,8.099
30,NULL,438334.39,0,67.51,2.716,211.5661131,8.163
3,2011-04-02 00:00:00.000,438516.53,0,45.95,2.989,215.8863367,7.551
30,NULL,438523.24,0,81.51,3.393,221.4009901,6.891
30,2011-11-03 00:00:00.000,438529.81,0,54.69,3.459,213.7646401,8.028
30,2012-02-03 00:00:00.000,438640.61,0,59.3,3.63,220.4866886,7.057
30,NULL,438760.62,0,52.21,3.268,219.6258417,7.057
30,2011-06-05 00:00:00.000,438789.52,0,61.87,3.906,215.4448709,7.931
30,NULL,439132.5,0,83.58,3.638,221.9415576,6.565
30,NULL,439132.62,0,42.72,3.016,211.4864691,8.028
16,2011-08-04 00:00:00.000,439276.5,0,38.04,3.532,192.3418571,6.339
30,NULL,439424.5,0,70.5,3.506,223.0783366,6.17
3,2012-04-05 00:00:00.000,439913.57,0,79.51,3.749,225.1797511,6.664
30,NULL,440491.33,0,87.17,2.608,210.8921319,8.099
30,2012-06-07 00:00:00.000,440553.42,0,85.26,3.227,221.5215064,6.565
30,NULL,441265.08,0,50.56,3.159,218.8217928,7.441
30,2010-06-08 00:00:00.000,441407.06,0,90.3,2.627,211.1608049,8.099
36,2010-12-03 00:00:00.000,441434.2,0,61.96,2.619,210.1413607,8.554
38,NULL,441683.74,0,85.53,3.726,130.7012903,10.926
3,NULL,442074.79,0,84.66,3.393,225.2644795,6.664
30,NULL,442457.35,0,51.66,2.732,210.6766095,8.324
7,NULL,442734.55,0,54.24,2.737,189.4452425,8.963
16,2010-08-10 00:00:00.000,442894.2,0,54.29,2.745,190.7763218,6.986
16,NULL,443242.17,0,18.12,2.586,189.6018023,7.039
30,2011-04-03 00:00:00.000,443334.71,0,59.52,3.288,213.4775305,8.028
3,2012-05-10 00:00:00.000,443557.65,0,72.74,3.617,226.7210356,6.034
30,NULL,443810.78,0,86.2,2.619,211.2241759,8.099
30,2011-08-04 00:00:00.000,443889.5,0,68.62,3.622,214.7252242,7.931
30,NULL,443891.64,0,71.54,3.721,222.4169362,6.565
30,NULL,444160.07,0,89.65,2.692,211.2951413,8.099
16,2010-05-03 00:00:00.000,444181.85,0,27.92,2.62,189.6695049,7.039
36,2010-08-10 00:00:00.000,444351.61,0,66.34,2.595,210.5144398,8.476
16,NULL,444718.68,0,45.17,3.795,192.8365651,6.339
29,NULL,444756.37,0,39,3.523,136.753,8.988
29,NULL,445134.15,0,26.8,3.232,133.0285161,10.256
3,2012-09-03 00:00:00.000,445162.05,0,60.71,3.669,224.5620291,6.833
30,NULL,445332.28,0,48.63,2.869,211.0645458,8.163
30,NULL,445358.73,0,70.79,3.807,215.1096657,7.931
16,2010-12-03 00:00:00.000,445393.74,0,28.64,2.684,189.7372075,7.039
30,2010-01-10 00:00:00.000,445475.3,0,70.28,2.603,211.3298742,8.163
30,2010-11-06 00:00:00.000,445530.16,0,83.51,2.668,211.1120018,8.2
30,NULL,445736.36,0,54.68,2.72,210.8733316,8.324
3,2012-08-06 00:00:00.000,446336.8,0,81.65,3.452,225.2521458,6.664
29,NULL,446516.26,0,69.78,3.684,136.4195,9.863
30,2012-09-03 00:00:00.000,446617.89,0,57.16,3.669,220.6974332,7.057
30,2012-05-10 00:00:00.000,446751.45,0,70.28,3.617,222.8159296,6.17
29,NULL,446863.31,0,29.16,3.542,136.8564194,8.988
16,2010-05-11 00:00:00.000,446905.02,0,39.94,2.729,190.9964377,6.986
30,NULL,447023.91,0,45,3.261,219.5328198,7.057
36,NULL,447050.42,0,80.87,2.716,209.6660514,8.464
30,NULL,447139.8,0,89.58,2.664,211.2596586,8.099
36,NULL,447519.44,0,50.87,2.52,210.0771885,8.554
30,NULL,447727.52,0,86.18,2.637,211.1096543,8.2
38,2012-08-06 00:00:00.000,448110.25,0,84.83,4.103,130.8896774,11.627
16,NULL,448391.99,0,20.8,3.008,191.667891,6.614
30,NULL,448392.17,0,80.79,2.624,211.2552578,8.099
7,2010-01-10 00:00:00.000,448998.73,0,49.99,2.759,190.6738241,9.137
30,NULL,449355.91,0,79.49,3.561,221.3828029,6.891
38,2011-07-10 00:00:00.000,449516.29,0,70.44,3.827,129.6938,12.89
30,NULL,449603.91,0,67.87,3.845,220.9991248,7.057
16,NULL,450075.31,0,57.61,3.538,194.8779718,6.338
30,2010-02-07 00:00:00.000,450337.47,0,82.29,2.669,210.8803726,8.099
16,NULL,450756.71,0,45.83,3.901,197.780931,6.169
30,2011-07-01 00:00:00.000,451077.21,0,44.24,2.976,211.0648881,8.028
37,NULL,451327.61,1,48.26,3.129,218.2302364,7.716
30,2012-10-02 00:00:00.000,451365.99,1,46.52,3.409,219.9049073,7.057
36,NULL,452021.2,0,82.6,2.542,209.9958663,8.36
30,NULL,452163.93,1,56.43,3.236,218.1130269,7.441
16,NULL,452169.28,0,45,2.762,190.8623087,6.986
38,2012-09-03 00:00:00.000,452792.53,0,54.54,4.25,130.7413793,12.187
9,NULL,452905.22,0,77.15,2.624,215.1378313,6.442
36,2010-09-04 00:00:00.000,453016.91,0,68.54,2.743,209.400638,8.464
30,NULL,453210.24,0,87.01,2.653,210.9950134,8.2
36,NULL,453308.15,0,71.57,2.705,210.5805944,8.476
16,2010-12-11 00:00:00.000,453632.76,0,34.04,2.737,191.0411474,6.986
30,NULL,453943.89,0,68.61,2.72,211.4713286,8.163
16,NULL,453979.19,0,28.17,3.038,196.8262786,6.162
9,NULL,454021.69,0,44.72,3.016,215.3554013,6.416
15,NULL,454183.42,0,36.26,3.666,136.753,7.943
42,NULL,454412.28,1,48.92,3.428,130.0710323,7.874
30,2012-04-05 00:00:00.000,454477.54,0,77.53,3.749,221.3095166,6.891
36,NULL,454694.21,0,82.1,2.55,210.2924504,8.36
9,NULL,454769.68,0,67.36,2.72,215.3589917,6.56
30,2010-09-04 00:00:00.000,454800.96,0,65.74,2.77,210.2831653,8.2
30,2010-10-09 00:00:00.000,455162.92,1,79.3,2.565,211.1532104,8.099
30,NULL,455751.84,0,74.24,2.826,210.2768443,8.2
29,2011-07-01 00:00:00.000,455952.18,0,32.56,3.193,132.8823226,10.256
30,NULL,456140.34,0,66.93,2.78,210.0505833,8.2
30,2012-06-01 00:00:00.000,457030.86,0,48.1,3.157,219.355063,7.057
7,NULL,457216.87,0,37.51,3.795,192.8365651,8.595
7,NULL,457340.06,0,39.3,3.936,197.7227385,8.09
16,2011-11-03 00:00:00.000,457504.35,0,29.36,3.372,192.058484,6.614
38,2012-03-02 00:00:00.000,457711.68,0,50.58,3.702,130.3496774,12.187
30,2010-07-05 00:00:00.000,457883.94,0,70.87,2.835,210.0011018,8.2
30,2010-02-04 00:00:00.000,457884.06,0,64.12,2.719,210.4798874,8.2
36,NULL,457899.64,0,70.9,2.725,209.170772,8.464
9,NULL,458086.69,0,36.43,2.983,214.9749587,6.416
30,2010-04-06 00:00:00.000,458343.7,0,82.68,2.705,210.833616,8.2
38,2012-05-10 00:00:00.000,458479.01,0,81.61,3.966,131.0756667,10.199
5,NULL,458562.24,0,50.33,3.112,219.9387246,6.3
16,NULL,458634.68,0,27.26,2.758,191.0312172,6.986
3,2011-04-11 00:00:00.000,459443.22,0,59.31,3.332,221.245968,7.197
30,NULL,459631.74,0,70.72,2.725,211.5187208,8.163
